{"_wandb":{"runtime":1587},"rollout/ep_len_mean":53.86,"train/value_loss":0.16626295,"train/std":12.469949,"env/episode_reward_mean":111.388370089701,"env/out_of_bounds_count":205,"env/episode_length_mean":54.25581395348837,"env/num_targets_reached_mean":0.24584717607973422,"_runtime":1587,"env/tree_collision_count":0,"rollout/ep_rew_mean":104.30219,"env/ground_collision_count":24,"train/loss":-1.4927888,"env/time_to_reach_target_steps_mean":49.25675675675676,"time/fps":478,"train/policy_gradient_loss":-0.0040536216,"train/clip_range":0.2,"_timestamp":1.773202564321734e+09,"env/episodes_ended_this_rollout":301,"env/goal_reached_rate":0.24584717607973422,"train/entropy_loss":-15.676029,"train/learning_rate":0.0005,"env/goal_reached_per_rollout":74,"train/explained_variance":0.88853705,"train/approx_kl":0.015562538,"train/clip_fraction":0.08760376,"global_step":753664,"_step":633,"env/episode_reward_std":103.16136662928795,"env/timeout_count":0}